#gene,nt position (gene),nt start position,nt end position,ref codon,mutant codon,ref AA,mutant AA,coverage,mutant frequency,mutant type,NS count,S count
vif,4586-5164,5114,5116,ccc,Gcc,P,A,1009,0.79,NS,1.0000,0.0000
vif,4586-5164,4826,4828,ttg,ttA,L,L,957,0.94,S,0.0000,1.0000
vif,4586-5164,4964,4966,cac,cGc,H,R,1084,1.01,NS,1.0000,0.0000
vif,4586-5164,4661,4663,aaa,aCa,K,T,969,0.83,NS,1.0000,0.0000
vif,4586-5164,4679,4681,tca,tcG,S,S,989,0.91,S,0.0000,1.0000
vpr,5104-5340,5113,5115,gcc,gGc,A,G,1011,0.79,NS,1.0000,0.0000
nef,8342-8713,8378,8380,tgg,Agg,W,R,972,0.10,NS,1.0000,0.0000
nef,8342-8713,8378,8380,tgg,AAg,W,K,972,0.10,NS,2.0000,0.0000
nef,8342-8713,8378,8380,tgg,AAA,W,K,972,97.63,NS,3.0000,0.0000
nef,8342-8713,8378,8380,tgg,tAA,W,*,972,0.10,NS,2.0000,0.0000
nef,8342-8713,8378,8380,tgg,AgA,W,R,972,0.41,NS,2.0000,0.0000
nef,8342-8713,8627,8629,gga,Aga,G,R,1009,0.79,NS,1.0000,0.0000
nef,8342-8713,8381,8383,cct,Act,P,T,970,98.14,NS,1.0000,0.0000
pol,1630-4641,3553,3555,cag,Gag,Q,E,969,0.93,NS,1.0000,0.0000
pol,1630-4641,3685,3687,gtc,gtG,V,V,983,0.81,S,0.0000,1.0000
pol,1630-4641,4012,4014,gcc,Tcc,A,S,989,0.91,NS,1.0000,0.0000
pol,1630-4641,4045,4047,gca,Tca,A,S,963,0.93,NS,1.0000,0.0000
pol,1630-4641,4408,4410,gaa,gaC,E,D,993,0.91,NS,1.0000,0.0000
pol,1630-4641,2707,2709,ctg,cGg,L,R,968,1.03,NS,1.0000,0.0000
pol,1630-4641,3061,3063,aaa,aaC,K,N,1032,0.87,NS,1.0000,0.0000
pol,1630-4641,2134,2136,cca,cAa,P,Q,974,0.10,NS,1.0000,0.0000
pol,1630-4641,2134,2136,cca,AAa,P,K,974,98.25,NS,2.0000,0.0000
pol,1630-4641,2134,2136,cca,Aca,P,T,974,0.21,NS,1.0000,0.0000
pol,1630-4641,4183,4185,cag,caC,Q,H,998,0.90,NS,1.0000,0.0000
pol,1630-4641,2392,2394,tta,Ata,L,I,1020,0.78,NS,1.0000,0.0000
pol,1630-4641,2137,2139,gga,AAa,G,K,974,97.23,NS,2.0000,0.0000
pol,1630-4641,2137,2139,gga,gAa,G,E,974,0.31,NS,1.0000,0.0000
pol,1630-4641,2137,2139,gga,Aga,G,R,974,0.31,NS,1.0000,0.0000
pol,1630-4641,2428,2430,ggt,Cgt,G,R,1024,0.88,NS,1.0000,0.0000
pol,1630-4641,1855,1857,aag,Tag,K,*,963,0.93,NS,1.0000,0.0000
env,5770-8340,6817,6819,aga,aAa,R,K,1007,97.72,NS,1.0000,0.0000
env,5770-8340,6466,6468,ttc,tAc,F,Y,922,0.98,NS,1.0000,0.0000
env,5770-8340,7747,7749,tta,Cta,L,L,1007,0.89,S,0.0000,1.0000
env,5770-8340,6820,6822,gaa,Aaa,E,K,1003,98.31,NS,1.0000,0.0000
env,5770-8340,7330,7332,ggg,Agg,G,R,912,96.27,NS,1.0000,0.0000
env,5770-8340,7330,7332,ggg,AAg,G,K,912,1.32,NS,2.0000,0.0000
env,5770-8340,7927,7929,cac,Aac,H,N,973,97.84,NS,1.0000,0.0000
env,5770-8340,5965,5967,cat,Aat,H,N,957,0.21,NS,1.0000,0.0000
env,5770-8340,5965,5967,cat,caA,H,Q,957,0.21,NS,1.0000,0.0000
env,5770-8340,5965,5967,cat,AaA,H,K,957,97.49,NS,2.0000,0.0000
env,5770-8340,7150,7152,agc,aCc,S,T,952,0.95,NS,1.0000,0.0000
env,5770-8340,8239,8241,gag,Tag,E,*,940,1.06,NS,1.0000,0.0000
env,5770-8340,6352,6354,agt,agA,S,R,989,0.91,NS,1.0000,0.0000
env,5770-8340,7921,7923,cag,caA,Q,Q,952,0.42,S,0.0000,1.0000
env,5770-8340,7921,7923,cag,AaA,Q,K,952,97.90,NS,1.5000,0.5000
env,5770-8340,7921,7923,cag,Aag,Q,K,952,0.11,NS,1.0000,0.0000
env,5770-8340,7924,7926,acc,acA,T,T,946,0.42,S,0.0000,1.0000
env,5770-8340,7924,7926,acc,aAA,T,K,946,98.20,NS,1.5000,0.5000
env,5770-8340,7924,7926,acc,aAc,T,N,946,0.21,NS,1.0000,0.0000
env,5770-8340,7918,7920,ttt,tAt,F,Y,964,0.52,NS,1.0000,0.0000
env,5770-8340,7918,7920,ttt,tAA,F,*,964,97.10,NS,2.0000,0.0000
env,5770-8340,7321,7323,ttg,ttA,L,L,941,0.11,S,0.0000,1.0000
env,5770-8340,7321,7323,ttg,tGA,L,*,941,0.32,NS,1.5000,0.5000
env,5770-8340,7321,7323,ttg,tAA,L,*,941,91.18,NS,1.5000,0.5000
env,5770-8340,7321,7323,ttg,tGg,L,W,941,2.98,NS,1.0000,0.0000
env,5770-8340,7321,7323,ttg,tAg,L,*,941,4.04,NS,1.0000,0.0000
env,5770-8340,6745,6747,atg,Gtg,M,V,963,0.93,NS,1.0000,0.0000
env,5770-8340,7327,7329,ctt,AAt,L,N,896,0.45,NS,2.0000,0.0000
env,5770-8340,7327,7329,ctt,cAA,L,Q,896,0.56,NS,1.5000,0.5000
env,5770-8340,7327,7329,ctt,AAA,L,K,896,92.63,NS,2.6667,0.3333
env,5770-8340,7327,7329,ctt,TtA,L,L,896,0.11,S,0.5000,1.5000
env,5770-8340,7327,7329,ctt,AtA,L,I,896,0.11,NS,1.5000,0.5000
env,5770-8340,7324,7326,ttc,GtA,F,V,872,0.11,NS,2.0000,0.0000
env,5770-8340,7324,7326,ttc,AAG,F,K,872,0.11,NS,3.0000,0.0000
env,5770-8340,7324,7326,ttc,AAA,F,K,872,93.00,NS,3.0000,0.0000
env,5770-8340,7324,7326,ttc,AAc,F,N,872,0.23,NS,2.0000,0.0000
env,5770-8340,7324,7326,ttc,AtA,F,I,872,0.34,NS,2.0000,0.0000
env,5770-8340,7324,7326,ttc,AAT,F,N,872,0.34,NS,2.6667,0.3333
env,5770-8340,7324,7326,ttc,GtT,F,V,872,2.52,NS,1.5000,0.5000
env,5770-8340,7324,7326,ttc,tAA,F,*,872,0.23,NS,2.0000,0.0000
env,5770-8340,7324,7326,ttc,GAA,F,E,872,0.11,NS,3.0000,0.0000
env,5770-8340,6175,6177,aat,aaC,N,N,990,0.91,S,0.0000,1.0000
gag,335-1837,1346,1348,gga,gTa,G,V,944,0.74,NS,1.0000,0.0000
gag,335-1837,647,649,gag,gaA,E,E,1016,97.93,S,0.0000,1.0000
gag,335-1837,650,652,gaa,Aaa,E,K,1016,98.13,NS,1.0000,0.0000
gag,335-1837,587,589,ctc,cCc,L,P,985,0.91,NS,1.0000,0.0000
gag,335-1837,1490,1492,caa,cCa,Q,P,972,0.82,NS,1.0000,0.0000
gag,335-1837,821,823,gct,gcA,A,A,1085,0.83,S,0.0000,1.0000
gag,335-1837,1400,1402,ccc,Acc,P,T,903,1.22,NS,1.0000,0.0000
rev2,7926-8198,7926,7928,cca,cAa,P,Q,963,0.21,NS,1.0000,0.0000
rev2,7926-8198,7926,7928,cca,AAa,P,K,963,97.92,NS,2.0000,0.0000
rev2,7926-8198,7926,7928,cca,Aca,P,T,963,0.31,NS,1.0000,0.0000
tat1,5376-5588,5457,5459,aaa,Gaa,K,E,973,0.82,NS,1.0000,0.0000
tat2,7925-7969,7925,7927,ccc,cAA,P,Q,955,0.42,NS,1.5000,0.5000
tat2,7925-7969,7925,7927,ccc,AAA,P,K,955,98.22,NS,2.6667,0.3333
tat2,7925-7969,7925,7927,ccc,AcA,P,T,955,0.21,NS,1.5000,0.5000
tat2,7925-7969,7925,7927,ccc,AAc,P,N,955,0.42,NS,2.0000,0.0000
